{
	"template_puyuetian_fly_hotreadsortids": "",
	"template_puyuetian_fly_hotreadcount": "10",
	"template_puyuetian_fly_hotreaddays": "",
	"template_puyuetian_fly_ad_yc1": "<div class=\"fly-panel\">\n\t<h3 class=\"fly-panel-title\">\u6587\u7ae0\u5217\u8868\u7c7b\u7684\u5e7f\u544a\u4f4d<\/h3>\n\t<ul class=\"fly-panel-main fly-list-static\">\n\t\t<li><a href=\"#\">HadSky6.x\u5f00\u5de5\u5566\uff01<\/a><\/li>\n\t\t<li><a href=\"#\">HadSky6.x\u5f00\u5de5\u5566\uff01<\/a><\/li>\n\t\t<li><a href=\"#\">HadSky6.x\u5f00\u5de5\u5566\uff01<\/a><\/li>\n\t\t<li><a href=\"#\">HadSky6.x\u5f00\u5de5\u5566\uff01<\/a><\/li>\n\t\t<li><a href=\"#\">HadSky6.x\u5f00\u5de5\u5566\uff01<\/a><\/li>\n\t<\/ul>\n<\/div>",
	"template_puyuetian_fly_ad_yc2": "<div class=\"fly-panel\">\n\t<div class=\"fly-panel-main\">\n\t\t<a href=\"#\"><img src=\"template\/puyuetian_fly\/res\/images\/350ad.png\" alt=\"ad\"><\/a>\n\t<\/div>\n<\/div>",
	"template_puyuetian_fly_ad_yc3": "<div class=\"fly-panel\">\n\t<div class=\"fly-panel-title\">\u5e26\u6807\u9898\u7684\u6587\u5b57\u5e7f\u544a\u4f4d<\/div>\n\t<div class=\"fly-panel-main\">\n\t\t<a href=\"#\">\u865a\u5e2d\u4ee5\u5f85<\/a>\n\t<\/div>\n<\/div>",
	"template_puyuetian_fly_ad_yc4": "<div class=\"fly-panel\">\n\t<a href=\"#\"><img src=\"template\/puyuetian_fly\/res\/images\/380ad.png\" alt=\"ad\"><\/a>\n<\/div>",
	"template_puyuetian_fly_listshowvideo": "1",
	"template_puyuetian_fly_readimgnum": "3"
}