{
	"template_puyuetian_changable_slidenum": "5",
	"template_puyuetian_changable_defaultcolor": "#5FB878",
	"template_puyuetian_changable_homereadlistdays": "30",
	"template_puyuetian_changable_homereadlistnums": "15",
	"template_puyuetian_changable_homeforumids": "",
	"template_puyuetian_changable_homenoshowsortids": "",
	"template_puyuetian_changable_hotwords": "",
	"template_puyuetian_changable_tjwz": "looknum:0:10",
	"template_puyuetian_changable_ad1": "<div style=\"margin:0 auto 15px;width:1170px;height:120px;border:solid 1px #ccc;border-radius:4px\">\u5e7f\u544a\u4f4d1\uff0c1170 x auto<\/div>",
	"template_puyuetian_changable_ad2": "<div style=\"margin:0 auto 15px;width:285px;height:120px;border:solid 1px #ccc;border-radius:4px\">\u5e7f\u544a\u4f4d2\uff0c285 x auto<\/div>",
	"template_puyuetian_changable_ad3": "<div style=\"margin:0 auto 15px;width:285px;height:120px;border:solid 1px #ccc;border-radius:4px\">\u5e7f\u544a\u4f4d3\uff0c285 x auto<\/div>",
	"template_puyuetian_changable_ad4": "<div style=\"margin:0 auto 15px;width:1170px;height:120px;border:solid 1px #ccc;border-radius:4px\">\u5e7f\u544a\u4f4d4\uff0c1170 x auto<\/div>",
	"template_puyuetian_changable_homenewnums": "10",
	"template_puyuetian_changable_ad5": "<div style=\"margin:0 auto 15px;width:870px;height:120px;border:solid 1px #ccc;border-radius:4px\">\u5e7f\u544a\u4f4d5\uff0c870 x auto<\/div>",
	"template_puyuetian_changable_ad6": "<div style=\"margin:0 auto;width:150px;height:120px;border-bottom:solid 1px #eee;border-radius:4px\">\u5e7f\u544a\u4f4d6\uff0c150 x auto<\/div>",
	"template_puyuetian_changable_ad7": "<div style=\"margin:0 auto;width:150px;height:120px;border-top:solid 1px #eee;border-bottom:solid 1px #eee;border-radius:4px\">\u5e7f\u544a\u4f4d7\uff0c150 x auto<\/div>",
	"template_puyuetian_changable_ad8": "<div style=\"margin:0 auto 15px;width:870px;height:120px;border:solid 1px #ccc;border-radius:4px\">\u5e7f\u544a\u4f4d8\uff0c870 x auto<\/div>",
	"template_puyuetian_changable_ad9": "<div style=\"margin:0 auto 15px;width:1170px;height:120px;border:solid 1px #ccc;border-radius:4px\">\u5e7f\u544a\u4f4d9\uff0c1170 x auto<\/div>",
	"template_puyuetian_changable_ad10": "<div style=\"margin:0 auto 15px;width:1170px;height:120px;border:solid 1px #ccc;border-radius:4px\">\u5e7f\u544a\u4f4d10\uff0c1170 x auto<\/div>",
	"template_puyuetian_changable_ad11": "<div style=\"margin:0 auto 15px;width:1170px;height:120px;border:solid 1px #ccc;border-radius:4px\">\u5e7f\u544a\u4f4d11\uff0c1170 x auto<\/div>",
	"template_puyuetian_changable_ad12": "<div style=\"margin:0 auto 15px;width:1170px;height:120px;border:solid 1px #ccc;border-radius:4px\">\u5e7f\u544a\u4f4d12\uff0c1170 x auto<\/div>",
	"template_puyuetian_changable_ad13": "<div style=\"margin:0 auto 15px;width:1170px;height:120px;border:solid 1px #ccc;border-radius:4px\">\u5e7f\u544a\u4f4d13\uff0c1170 x auto<\/div>",
	"template_puyuetian_changable_ad14": "<div style=\"margin:0 auto 15px;width:1170px;height:120px;border:solid 1px #ccc;border-radius:4px\">\u5e7f\u544a\u4f4d14\uff0c1170 x auto<\/div>",
	"template_puyuetian_changable_ad15": "<div style=\"margin:0 auto 15px;width:1170px;height:120px;border:solid 1px #ccc;border-radius:4px\">\u5e7f\u544a\u4f4d15\uff0c1170 x auto<\/div>",
	"template_puyuetian_changable_listshowvideo": "1"
}