{
	"template_puyuetian_copyweibo_topmoredata": "[{\n\ttext: '\u5237\u65b0',\n\tonClick: function() {\n\t\tvar pid = ppp({\n\t\t\ttype: 4,\n\t\t\tshade: 1,\n\t\t\tcontent: \"\u6b63\u5728\u5237\u65b0...\"\n\t\t});\n\t\tsetTimeout(function() {\n\t\t\tlocation.reload(true);\n\t\t}, 1500);\n\t}\n}, {\n\ttext: '\u5206\u4eab',\n\tonClick: function() {\n\t\tvar pid = ppp({\n\t\t\ttype: 4,\n\t\t\tshade: 1,\n\t\t\tcontent: \"\u6b63\u5728\u52a0\u8f7d...\"\n\t\t});\n\t\tvar _make_qrcode = function() {\n\t\t\tpkpopup.close(pid);\n\t\t\tvar rnd = '_' + randomString(7);\n\t\t\tvar url = location.protocol + '\/\/' + location.host + location.pathname + location.search + location.hash;\n\t\t\tppp({\n\t\t\t\ttype: 0,\n\t\t\t\tshade: 1,\n\t\t\t\ttitle: \"\u5206\u4eab\u9875\u9762\",\n\t\t\t\tcontent:'<div id=\"' + rnd + '\" style=\"text-align:center;padding:10px;height:192px;width:100%\"><\/div><input type=\"text\" class=\"pk-textbox\" value=\"'+url+'\" readonly><p class=\"pk-text-center pk-text-xs pk-text-danger pk-padding-10\">\u8bf7\u4fdd\u5b58\u4e8c\u7ef4\u7801\u6216URL\u94fe\u63a5\u8fdb\u884c\u5206\u4eab<\/p>',\n\t\t\t\tcomplete: function(_id, _v) {\n\t\t\t\t\t$('#pkpopup_' + _id).find('.pk-popup-submit').html('\u597d\u54d2');\n\t\t\t\t\t$('#' + rnd).qrcode({\n\t\t\t\t\t\twidth: 168,\n\t\t\t\t\t\theight: 168,\n\t\t\t\t\t\ttext: url\n\t\t\t\t\t});\n\t\t\t\t}\n\t\t\t});\n\t\t}\n\t\tif(typeof($.qrcode) == \"undefined\") {\n\t\t\t$.getScript('https:\/\/cdnjs.cloudflare.com\/ajax\/libs\/jquery.qrcode\/1.0\/jquery.qrcode.min.js', function() {\n\t\t\t\t_make_qrcode();\n\t\t\t});\n\t\t} else {\n\t\t\t_make_qrcode();\n\t\t}\n\t}\n}]",
	"template_puyuetian_copyweibo_navdata": "<li><a href=\"index.php?c=home\" class=\"\" target=\"\" onclick=\"\">\u9996\u9875<\/a><\/li><li><a href=\"index.php?c=list\" class=\"\" target=\"\" onclick=\"\">\u52a8\u6001<\/a><\/li><li><a href=\"index.php?c=forum\" class=\"\" target=\"\" onclick=\"\">\u7248\u5757<\/a><\/li>",
	"template_puyuetian_copyweibo_searchdata": "",
	"template_puyuetian_copyweibo_bottomnavdata": "[{\n\ttitle: \"\u9996\u9875\",\n\ticon: \"template\/puyuetian_copyweibo\/img\/toolbar\/home.png\",\n\ticon2: \"template\/puyuetian_copyweibo\/img\/toolbar\/home2.png\",\n\tcolor: \"#000000\",\n\tcolor2: \"#1296db\",\n\thref: \"index.php?c=home\",\n\tclick: function() {},\n\tactionsheet: false\n},{\n\ttitle: \"\u52a8\u6001\",\n\ticon: \"template\/puyuetian_copyweibo\/img\/toolbar\/list.png\",\n\ticon2: \"template\/puyuetian_copyweibo\/img\/toolbar\/list2.png\",\n\tcolor: \"#000000\",\n\tcolor2: \"#1296db\",\n\thref: \"index.php?c=list\",\n\tclick: function() {},\n\tactionsheet: false\n},{\n\ttitle: \"\u7248\u5757\",\n\ticon: \"template\/puyuetian_copyweibo\/img\/toolbar\/forum.png\",\n\ticon2: \"template\/puyuetian_copyweibo\/img\/toolbar\/forum2.png\",\n\tcolor: \"#000000\",\n\tcolor2: \"#1296db\",\n\thref: \"index.php?c=forum\",\n\tclick: function() {},\n\tactionsheet: false\n},{\n\ttitle: \"\u6211\u7684\",\n\ticon: \"template\/puyuetian_copyweibo\/img\/toolbar\/user.png\",\n\ticon2: \"template\/puyuetian_copyweibo\/img\/toolbar\/user2.png\",\n\tcolor: \"#000000\",\n\tcolor2: \"#1296db\",\n\thref: \"index.php?c=center\",\n\tclick: function() {},\n\tactionsheet: false\n}]",
	"template_puyuetian_copyweibo_listmaxwords": "67",
	"template_puyuetian_copyweibo_listmaximgs": "9",
	"template_puyuetian_copyweibo_homeshowbkids": "",
	"template_puyuetian_copyweibo_homeslidenum": "7",
	"template_puyuetian_copyweibo_homeshowbkreadnum": "10",
	"template_puyuetian_copyweibo_homeslidedata": "",
	"template_puyuetian_copyweibo_showlabel": "1",
	"template_puyuetian_copyweibo_showchildforum": "1"
}